{"cameraMode":{"drawMode":0,"name":"Shaded","section":"Shading Mode"},"sceneLighting":false,"audioPlay":false,"sceneViewState":{"m_AlwaysRefresh":false,"showFog":false,"showSkybox":false,"showFlares":false,"showImageEffects":false,"showParticleSystems":false,"showVisualEffectGraphs":true,"m_FxEnabled":true},"in2DMode":false,"pivot":{"x":2.384185791015625e-7,"y":0.8587321043014526,"z":0.07120218873023987},"rotation":{"x":0.0027599798049777748,"y":-0.9961038827896118,"z":0.08147207647562027,"w":0.033787235617637637},"size":1.3795294761657715,"orthographic":false}