{"cameraMode":{"drawMode":0,"name":"Shaded","section":"Shading Mode"},"sceneLighting":true,"audioPlay":false,"sceneViewState":{"m_AlwaysRefresh":false,"showFog":true,"showSkybox":true,"showFlares":true,"showImageEffects":true,"showParticleSystems":true,"showVisualEffectGraphs":true,"m_FxEnabled":true},"in2DMode":false,"pivot":{"x":-8.744701385498047,"y":12.689970970153809,"z":15.585890769958496},"rotation":{"x":-0.020657388493418695,"y":-0.9063200950622559,"z":0.4198313355445862,"w":-0.04461602494120598},"size":1.9022681713104249,"orthographic":false}